title,link,sentiment
"우크라이나 북한군 포로 ""한국 가고 싶다""…정부, 귀순 협의 나서나",https:///n.news.naver.com/article/055/0001233099?ntype=RANKING,중립
민간인 여성 성폭행한 미군 장병…항소심도 유죄 인정 집행유예,https:///n.news.naver.com/article/055/0001233107?ntype=RANKING,중립
"홍준표 ""나는 사기꾼 명태균에 여론조작 당한 피해자""",https:///n.news.naver.com/article/055/0001233097?ntype=RANKING,중립
"후진 주차하던 승용차 커피숍 돌진…""운전 미숙""",https:///n.news.naver.com/article/055/0001233109?ntype=RANKING,중립
"'천재 아역' 출신 故 김새론, 유족·지인 마지막 배웅 속 영면",https:///n.news.naver.com/article/055/0001233076?ntype=RANKING,중립
"윤상현 “사법 좌경화의 중심, 법조 '하나회’ 우리법연구회 해체해야”",https:///n.news.naver.com/article/087/0001099042?ntype=RANKING,중립
치매 앓는 90대 할머니 성폭행한 70대 이장 구속,https:///n.news.naver.com/article/087/0001098973?ntype=RANKING,중립
"나경원 ""국민이 뽑은 대통령을 이리도 가볍게 끌어내릴 수 있다고 생각하는 것은 헌재가 헌법 위에 서겠다는 것""",https:///n.news.naver.com/article/087/0001099023?ntype=RANKING,중립
"의붓형과 동네 편의점 여직원 잇달아 살해한 30대 ""화가 나서…왜 화났는지는 몰라""",https:///n.news.naver.com/article/087/0001099022?ntype=RANKING,중립
양양 서문리 하천서 50대 주민 숨진 채 발견,https:///n.news.naver.com/article/087/0001098972?ntype=RANKING,중립
"""왜 화났는지 몰라""...느닷없이 편의점 여직원 살해한 30대가 한 말",https:///n.news.naver.com/article/018/0005946707?ntype=RANKING,중립
"[속보]헌재 ""조지호 청장, 尹탄핵심판 출석 의사 내비쳐""",https:///n.news.naver.com/article/018/0005946832?ntype=RANKING,중립
"'유학생' 속은 북한군 ""제대할 나이, 전투 참가할 줄 몰랐다""",https:///n.news.naver.com/article/018/0005946650?ntype=RANKING,중립
"""안 먹고 안 쓴다"" 노바이족 급증에 '초저가' 전쟁",https:///n.news.naver.com/article/018/0005946502?ntype=RANKING,중립
"한동훈 책, 예약판매 시작…1시간만에 댓글 300개 달렸다",https:///n.news.naver.com/article/018/0005946774?ntype=RANKING,중립
일본 공항서 ‘아이돌 촬영 제지’ 직원 폭행한 한국인 체포,https:///n.news.naver.com/article/056/0011895802?ntype=RANKING,중립
김계리 “구치소 기사·홍장원 진술 모두 거짓…탄핵소추는 가짜뉴스 탓” [지금뉴스],https:///n.news.naver.com/article/056/0011895593?ntype=RANKING,중립
정청래는 ‘강경’ 장순욱은 ‘웃참 실패’…이유가? [지금뉴스],https:///n.news.naver.com/article/056/0011895765?ntype=RANKING,중립
"우크라이나 북한군 포로 “한국에 가고 싶다”…정부, 귀순 관련 협의 나서나",https:///n.news.naver.com/article/056/0011895867?ntype=RANKING,중립
등록금 냈는데 ‘입학 취소’…범인은 같은 재수학원생 [잇슈 키워드],https:///n.news.naver.com/article/056/0011895641?ntype=RANKING,중립
‘민경욱 찍은 표’ 내밀며 “부정선거” 윤석열 쪽…같은 편마저 ‘실소’,https:///n.news.naver.com/article/028/0002731860?ntype=RANKING,중립
전복된 여객기 ‘사망 0명’…천장 걸어다닌 승무원이 한 일,https:///n.news.naver.com/article/028/0002731840?ntype=RANKING,중립
"[단독] 그날 헬기 계획대로 떴다면, 계엄 해제 못 할 뻔했다",https:///n.news.naver.com/article/028/0002731834?ntype=RANKING,중립
이재명 “민주당은 원래 진보 아냐…성장 중시하는 중도 보수”,https:///n.news.naver.com/article/028/0002731864?ntype=RANKING,중립
"홍준표 “명태균과 딱 한번 통화, 김건희 팔며 실세라 거들먹”",https:///n.news.naver.com/article/028/0002731868?ntype=RANKING,중립
"[단독] ""이 XX 얼굴 하얗게 질렸네"",  부하가 들은 내란 당시 여인형의 말",https:///n.news.naver.com/article/047/0002463073?ntype=RANKING,중립
폭설 속 수개월째 멈춘 제설차... 이유가 '답답',https:///n.news.naver.com/article/047/0002463111?ntype=RANKING,중립
'12·3 비상계엄' 수사받는 현역 군인 30명... 장성 17명,https:///n.news.naver.com/article/047/0002463096?ntype=RANKING,중립
"""국민의힘, 명태균게이트 1년 전부터 명태균-김건희 문제 알았다""",https:///n.news.naver.com/article/047/0002463114?ntype=RANKING,중립
"[단독] ""대통령 지시"" 1번으로 하달, 선관위 침탈 당시 방첩사 간부 진술",https:///n.news.naver.com/article/047/0002463117?ntype=RANKING,중립
"북한군 포로 ""한국가고 싶다""…정부, 우크라와 귀순 협의 나서나",https:///n.news.naver.com/article/001/0015221215?ntype=RANKING,중립
"'천재 아역' 출신 故 김새론, 유족·지인 마지막 배웅 속 영면",https:///n.news.naver.com/article/001/0015221016?ntype=RANKING,중립
이마 찢어져 병원 응급실 3곳 찾은 환자 제때 치료 못 받아 사망,https:///n.news.naver.com/article/001/0015221487?ntype=RANKING,중립
민간인 여성 성폭행한 미군 장병…항소심도 유죄 인정 집행유예,https:///n.news.naver.com/article/001/0015221401?ntype=RANKING,중립
"李 ""추경 꼭 해야…소비쿠폰 못하겠으면 청년 일자리에 쓰자""",https:///n.news.naver.com/article/001/0015221197?ntype=RANKING,중립
"“14만원 주고 산 옷, 알고보니”…관광객들에 살인적 바가지 씌우는 이 지역",https:///n.news.naver.com/article/009/0005446077?ntype=RANKING,중립
"“이제 길게 늦잠자고 싶다”…얼굴 가득 멍투성이 고현정, 무슨일이",https:///n.news.naver.com/article/009/0005446047?ntype=RANKING,중립
“난 지금 죽어가고 있다”…임신 중 돌연 사망한 유명 여배우의 정체,https:///n.news.naver.com/article/009/0005446108?ntype=RANKING,중립
"“난 처녀인데”…모텔까지 간 여사친, 돈 안빌려주자 동창男에 한 짓",https:///n.news.naver.com/article/009/0005446091?ntype=RANKING,중립
“서울에서는 볼 수 없는 뷰”…‘억’ 소리 난다는 정준호 송도 주택 어디길래?,https:///n.news.naver.com/article/009/0005446186?ntype=RANKING,중립
“한국 믿지 마세요” 영어로 확산 중인 ‘궤변’…이 주장이 무서운 이유,https:///n.news.naver.com/article/081/0003519104?ntype=RANKING,중립
헌재 “조지호 경찰청장 증인 출석 의사…문형배 겨냥 시위 수사 의뢰 검토”,https:///n.news.naver.com/article/081/0003519109?ntype=RANKING,중립
"트럼프 “젤렌스키 지지율 4%, 우크라 사실상 계엄령… 미군 배치 안 해”(종합)",https:///n.news.naver.com/article/081/0003519054?ntype=RANKING,중립
유학 간다더니 전장으로…중환자 부모 두고 포로된 北 청년,https:///n.news.naver.com/article/081/0003519092?ntype=RANKING,중립
“내 인생에서 가장 잘한 일”…‘코 성형’ 고백한 女 과거 사연 보니,https:///n.news.naver.com/article/081/0003519099?ntype=RANKING,중립
콩알만 해도 '싹쓸이' 전례 없는 광경…한국에서 유독?,https:///n.news.naver.com/article/437/0000430558?ntype=RANKING,중립
"트럼프의 종전 제안, 우크라에 720조 요구...""경제적 식민지"" 비판 나와",https:///n.news.naver.com/article/437/0000430624?ntype=RANKING,중립
"[단도직입] 유승민 ""박근혜 전 대통령과 쌓인 오해 풀고 싶어...조만간 그 시간 올 수도""",https:///n.news.naver.com/article/437/0000430579?ntype=RANKING,중립
"""중국 문화 훔치는 한국""…중국판 인스타에 난무하는 억지 주장",https:///n.news.naver.com/article/437/0000430625?ntype=RANKING,중립
이재명 “소비쿠폰 추경 못하겠다면 청년 일자리에 쓰자”,https:///n.news.naver.com/article/437/0000430626?ntype=RANKING,중립
"""박봉에도 참는다""…사직 전공의들 '동네 의원' 몰려간 이유",https:///n.news.naver.com/article/025/0003421659?ntype=RANKING,중립
"홍준표 ""내 아들, 명태균에 속아 문자 보낸 것…무슨 죄가 되나""",https:///n.news.naver.com/article/025/0003421697?ntype=RANKING,중립
강남역·홍대역 제쳤다…가장 붐빈 서울 지하철역 1위 어디,https:///n.news.naver.com/article/025/0003421674?ntype=RANKING,중립
"""돈 없으니 싸울 일도 없어요""…1억원 기부한 이발사 형제",https:///n.news.naver.com/article/025/0003421602?ntype=RANKING,중립
"17살인데 27㎏…""채식으로 아동학대"" 호주 부모 징역형",https:///n.news.naver.com/article/025/0003421681?ntype=RANKING,중립
"""집값 2억 올랐다"" 7년 만에 다시 '들썩'…재건축 속도 내는 이 동네",https:///n.news.naver.com/article/008/0005155120?ntype=RANKING,중립
90대 이웃 성폭행 한뒤 30만원 주고 도망…70대 이장 뻔뻔함 '경악',https:///n.news.naver.com/article/008/0005155232?ntype=RANKING,중립
"이지아父, 친일파 부친 350억 땅 놓고 형제간 분쟁…'위조·사기' 전과도",https:///n.news.naver.com/article/008/0005155259?ntype=RANKING,중립
"""체력 떨어져서"" 피식?…전국민 분노한 '왕따 주행' 논란, 그 끝은[뉴스속오늘]",https:///n.news.naver.com/article/008/0005155151?ntype=RANKING,중립
"""주가 280% 올랐다"", 내릴 때도 50% '뚝'…개미들의 '도파민' 투자",https:///n.news.naver.com/article/008/0005155152?ntype=RANKING,중립
골드바 못사니 여기 '우르르'...예금 잔액 '폭증',https:///n.news.naver.com/article/215/0001198867?ntype=RANKING,중립
"""7거래일째 질주""...코스피 2,650대로 '껑충'",https:///n.news.naver.com/article/215/0001199038?ntype=RANKING,중립
"""서너 개는 기본이죠""‥50대도 물결 합류",https:///n.news.naver.com/article/215/0001199005?ntype=RANKING,중립
자주 시키면 싸게 먹는다…'치킨 멤버십' 등장,https:///n.news.naver.com/article/215/0001199036?ntype=RANKING,중립
"LG엔솔, 미국서 GM 대신 도요타 배터리 만든다",https:///n.news.naver.com/article/215/0001199031?ntype=RANKING,중립
"""편하대서 1만2000원 내고 빌렸어요""…평지 걷듯 등산 돕는 中 로봇",https:///n.news.naver.com/article/277/0005548286?ntype=RANKING,중립
"""9월말까지만 된대요""…청약통장 해지 늘자 정부가 내민 카드[금융현미경]",https:///n.news.naver.com/article/277/0005548562?ntype=RANKING,중립
의대만 열풍 아니었네…사상 최초 지원자 1만명 돌파한 학교,https:///n.news.naver.com/article/277/0005548763?ntype=RANKING,중립
"""벚꽃 보려고 일본 여행 예약했는데""…올해만 31번 분화한 화산에 '걱정'",https:///n.news.naver.com/article/277/0005548636?ntype=RANKING,중립
'K식품이 또' 출시하자마자 점유율 2위…해외서 '대박'났다는 쌀과자,https:///n.news.naver.com/article/277/0005548699?ntype=RANKING,중립
"""수습 직원 20만 명 해고 위기""...마구잡이 칼질로 반발 확산",https:///n.news.naver.com/article/052/0002155133?ntype=RANKING,중립
자대 배치 한 달 만에 숨진 병사...욕설·기수암기 강요 시달려,https:///n.news.naver.com/article/052/0002155175?ntype=RANKING,중립
"'김문수 토론회' 여당 의원 50여 명 참석...야권, '반윤 연대' 결집",https:///n.news.naver.com/article/052/0002155235?ntype=RANKING,중립
"LH, 지방 '악성 미분양' 매입...부산· 대전·안산 철도지하화 우선 추진",https:///n.news.naver.com/article/052/0002155258?ntype=RANKING,중립
"""너무 많이 죽었다"" 북한군 콕 집은 트럼프...""유럽군 우크라에? 찬성"" [지금이뉴스]",https:///n.news.naver.com/article/052/0002155230?ntype=RANKING,중립
"'국민 횟감' 광어, 즐겨 먹었는데 어쩌나…충격 상황에 '혼란'",https:///n.news.naver.com/article/015/0005096074?ntype=RANKING,중립
"북한군 포로 ""다 죽고 나만 생존…대한민국에 갈 생각""",https:///n.news.naver.com/article/015/0005096216?ntype=RANKING,중립
"이지아 父, 친일파 부친 350억 땅 두고 형제간 법적분쟁",https:///n.news.naver.com/article/015/0005096109?ntype=RANKING,중립
"[단독] 석유公 ""액트지오가 맞았다…메이저사 투자 의향 강해""",https:///n.news.naver.com/article/015/0005096203?ntype=RANKING,중립
"故 김새론, 영원한 이별…눈물의 발인 엄수",https:///n.news.naver.com/article/015/0005096099?ntype=RANKING,중립
"'시흥 흉기 살해' 피의자 ""너무 화나서 범행…왜 화났는지는 몰라""",https:///n.news.naver.com/article/422/0000714678?ntype=RANKING,중립
스물 다섯에 떠난 故 김새론…유족ㆍ지인 배웅 속 영면,https:///n.news.naver.com/article/422/0000714671?ntype=RANKING,중립
"북한군 포로 ""난민 신청해 한국에 갈 생각""…정부, 협상 나설지 주목",https:///n.news.naver.com/article/422/0000714709?ntype=RANKING,중립
"헌재 ""조지호, 내일 출석 의사…변호인과 협의 중""",https:///n.news.naver.com/article/422/0000714724?ntype=RANKING,중립
"너무 이른 이별…'천재아역' 김새론, 오늘 영면",https:///n.news.naver.com/article/422/0000714663?ntype=RANKING,중립
"이지아 父, ‘친일파’ 부친 350억 땅 놓고 형제간 법적 공방",https:///n.news.naver.com/article/366/0001054999?ntype=RANKING,중립
"‘60억 추징’ 이하늬, 65억 부동산 매입 자금 의혹 터져",https:///n.news.naver.com/article/366/0001054973?ntype=RANKING,중립
[비즈톡톡] “삼성 가전 어느 정도길래?”… 美 소비자 신뢰도 평가 순위는,https:///n.news.naver.com/article/366/0001054924?ntype=RANKING,중립
"헌재 “尹 측, 추가 증인 신청 의사 밝혀”",https:///n.news.naver.com/article/366/0001055011?ntype=RANKING,중립
"분기 영업익 4000억원 전망까지… 크래프톤, 기대 반 부담 반",https:///n.news.naver.com/article/366/0001055005?ntype=RANKING,중립
"“소리 들리는데 이해를 못해”… '노이즈 캔슬링' 이어폰, 청각정보처리장애 유발?",https:///n.news.naver.com/article/030/0003285417?ntype=RANKING,중립
17살에 몸무게가 27kg… '8살'부터 딸 채식시킨 호주 부모 '아동학대 징역형',https:///n.news.naver.com/article/030/0003285308?ntype=RANKING,중립
"버려진 아파트서 발견된 청동상, 47억원에 낙찰",https:///n.news.naver.com/article/030/0003285307?ntype=RANKING,중립
"젤렌스키 우려대로… 미-러, 종전 '고위협상팀' 합의",https:///n.news.naver.com/article/030/0003285344?ntype=RANKING,중립
공포영화 한 장면 같은 '붉은 바다'… 이란에 무슨 일이,https:///n.news.naver.com/article/030/0003285311?ntype=RANKING,중립
"[단독]조지호 “尹, 국회 계엄해제에도 봉쇄 풀라는 지시 안해”",https:///n.news.naver.com/article/020/0003616131?ntype=RANKING,중립
이재명 ‘중도보수’ 발언 후폭풍…비명계 “DJ-盧의 당 정체성 바꾸나”,https:///n.news.naver.com/article/020/0003616281?ntype=RANKING,중립
"“투병 아들 20년 받은 도움, 장기기증으로 환원”",https:///n.news.naver.com/article/020/0003616148?ntype=RANKING,중립
‘디저트 배 따로 있다’는 말은 사실…배 부르면 뇌가 단 것 원해,https:///n.news.naver.com/article/020/0003616246?ntype=RANKING,중립
"홍장원 “체포명단 들은건 공터, 적은건 집무실…CCTV 다 까자”",https:///n.news.naver.com/article/020/0003616295?ntype=RANKING,중립
"홍준표 ""아들, 명태균에 속아 감사 문자 보내‥문제 되나?""",https:///n.news.naver.com/article/214/0001406398?ntype=RANKING,중립
'윤석열 지시' 조서 나오자‥변호사 가방 싸 퇴장,https:///n.news.naver.com/article/214/0001406350?ntype=RANKING,중립
"[단독] ""사기꾼"" 선 긋더니‥오세훈, 명태균 여론조사 올리고 '홍보'",https:///n.news.naver.com/article/214/0001406299?ntype=RANKING,중립
"'계엄 지지'에 앞장선 목사들‥""계엄령은 하나님이 사용한 것""",https:///n.news.naver.com/article/214/0001406311?ntype=RANKING,중립
"박찬대 ""서울경찰청장 승진은 용산 작품‥'알박기 인사' 중단해야""",https:///n.news.naver.com/article/214/0001406418?ntype=RANKING,중립
"""이젠 3%도 안 돼?"" 예금 깬 고객들 '여기' 몰린다",https:///n.news.naver.com/article/011/0004452121?ntype=RANKING,중립
"""월급 '반토막'인데도 자리 없어요""…이력서 들고 헤매는 '사직 전공의'",https:///n.news.naver.com/article/011/0004452160?ntype=RANKING,중립
세계 최강 ‘미군 월급’ 얼만가 보니…美병장 월급은 韓병장 보다 3배 가량 많다[이현호 기자의 밀리터리!톡],https:///n.news.naver.com/article/011/0004452132?ntype=RANKING,중립
"""나 일본 여행 갔다 왔는데 너도?"" 그 결과…일본인 2명 중 1명 ""한국에 친근감""",https:///n.news.naver.com/article/011/0004452252?ntype=RANKING,중립
"[속보] 헌재 ""헌법연구관 상대 가짜뉴스 증거 수집중…수사의뢰 논의""",https:///n.news.naver.com/article/011/0004452286?ntype=RANKING,중립
“병원서 아동 170명 성폭행”…‘3경원’ 자원 묻힌 국가의 비극,https:///n.news.naver.com/article/023/0003888907?ntype=RANKING,중립
유승민 “박근혜 전 대통령과 쌓인 오해 많아… 인간적으로 풀고 싶다”,https:///n.news.naver.com/article/023/0003888904?ntype=RANKING,중립
[단독] 북한군 포로 인터뷰 “중대 동기 다 죽고 나만 생존... 수류탄 있으면 자폭 했을 수도”,https:///n.news.naver.com/article/023/0003888890?ntype=RANKING,중립
"“테슬라 중고차 팝니다”…쏟아진 매물, 머스크가 싫어서?",https:///n.news.naver.com/article/023/0003888897?ntype=RANKING,중립
중국산 로봇 청소기가 보고 있다… 일상에 퍼지는 ‘中 감시 포비아’,https:///n.news.naver.com/article/023/0003888864?ntype=RANKING,중립
‘문형배 집 앞 시위’ 옹호한 강승규 “그게 국민 여론…좀 잘 인식했으면”,https:///n.news.naver.com/article/032/0003351879?ntype=RANKING,중립
[속보] ‘51일 파업·도크 점거’ 옛 대우조선 하청 노동자들 징역형 집유 선고,https:///n.news.naver.com/article/032/0003351882?ntype=RANKING,중립
"한동훈, 신간서 “옳다고 믿는 바에 따라 ‘계엄 반대’ 선택하고 행동”",https:///n.news.naver.com/article/032/0003351880?ntype=RANKING,중립
"47m 옆 또 ‘정관장’···인천공항에만 15개, 매출 반토막난 중소면세점",https:///n.news.naver.com/article/032/0003351874?ntype=RANKING,중립
[속보] 최상목 “지방 미분양 주택 사들여 건설경기 지원···4.3조 철도지하화 추진”,https:///n.news.naver.com/article/032/0003351899?ntype=RANKING,중립
“누나들이 재산 뺏고 정신병원 감금”  불법 강제입원 폭로한 지적장애인,https:///n.news.naver.com/article/005/0001758269?ntype=RANKING,중립
[단독] 尹영장심사 전날 유튜버 삼각대 걷어찬 경찰 입건,https:///n.news.naver.com/article/005/0001758329?ntype=RANKING,중립
동덕여대 방문한 이준석 “폭동 가담 안한 학생 린치 우려 있었다”,https:///n.news.naver.com/article/005/0001758335?ntype=RANKING,중립
"故김새론, 유족·지인 눈물 속 발인…‘천재 아역’ 잠들다",https:///n.news.naver.com/article/005/0001758317?ntype=RANKING,중립
얼굴 공개된 북한군 포로 “한국 가고파”…올 수 있을까,https:///n.news.naver.com/article/005/0001758348?ntype=RANKING,중립
"대학에 떨어진 10대도, 40대 건설 노동자도 이 노래에 울었다",https:///n.news.naver.com/article/469/0000849643?ntype=RANKING,중립
[단독] 초등생 살해 뒤 응급실서 웃은 여교사...범행 동기 규명 실마리 될까,https:///n.news.naver.com/article/469/0000849663?ntype=RANKING,중립
"尹 측, ""김건희 지시로 계엄"" 박지원 ""계엄 때 술 냄새"" 김종대 고발",https:///n.news.naver.com/article/469/0000849661?ntype=RANKING,중립
"[단독] ""교회 정관은 헌법""… 금융당국·수사기관도 전광훈 교회에 두 손 들었다",https:///n.news.naver.com/article/469/0000849673?ntype=RANKING,중립
"홍준표 ""내 아들, 명태균에 속아 감사 문자 보낸 것...문제 되나?""",https:///n.news.naver.com/article/469/0000849677?ntype=RANKING,중립
"이재명 ""민주당은 진보 아니다…중도·보수로 오른쪽 맡아야""",https:///n.news.naver.com/article/029/0002936286?ntype=RANKING,중립
"[속보] 헌재 ""헌법연구관 상대 가짜뉴스 증거 수집중…수사의뢰 논의""",https:///n.news.naver.com/article/029/0002936373?ntype=RANKING,중립
"커피숍 매장 뚫고 들어온 승용차…""60대 운전자 운전 미숙""",https:///n.news.naver.com/article/029/0002936371?ntype=RANKING,중립
"헌재, 한덕수 탄핵심판 본격 시작…오늘 연달아 변론 진행",https:///n.news.naver.com/article/029/0002936308?ntype=RANKING,중립
"""용왕이 점지한 사람만 잡는다""…183㎝ `전설의 심해어`, 낚시로 잡혀",https:///n.news.naver.com/article/029/0002936281?ntype=RANKING,중립
"의붓형·동네 알바생 살해한 30대 ""너무 화나서 그랬는데… 왜 화났지""",https:///n.news.naver.com/article/082/0001312399?ntype=RANKING,중립
명태균에 감사 문자 보낸 아들… 홍준표 “속아서 한 것”,https:///n.news.naver.com/article/082/0001312433?ntype=RANKING,중립
"이재명 “민주당, 중도보수 맡아야” 발언 논란… 2016년엔 “중도 코스프레 안 한다”",https:///n.news.naver.com/article/082/0001312432?ntype=RANKING,중립
"""아이돌 촬영 왜 막아"" 日공항서 직원 폭행한 20대 한국인 체포",https:///n.news.naver.com/article/082/0001312429?ntype=RANKING,중립
"""혹시 나 기억해?"" 재수생 개인정보 도용해 대학 입학 취소시킨 인물의 첫 마디",https:///n.news.naver.com/article/082/0001312442?ntype=RANKING,중립
“변기뚜껑 닫으나 마나?” 바이러스 퍼져…결국 ‘이것’해야 안전,https:///n.news.naver.com/article/022/0004012118?ntype=RANKING,중립
'25살 젊은 나이' 영면에 든 별…누가 김새론을 비극으로 몰았나,https:///n.news.naver.com/article/022/0004012166?ntype=RANKING,중립
사슴을 품은 아파트? 탈출한 4마리가 70마리로…“사람 공격할까 무서워”,https:///n.news.naver.com/article/022/0004012119?ntype=RANKING,중립
26년간 ‘부동의 1위’ 강남역이 3위로…1위를 차지한 이 역은?,https:///n.news.naver.com/article/022/0004012160?ntype=RANKING,중립
"[단독] 멱살잡이 중 상대방 사망…법원 ""증거부족"" 무죄 판결",https:///n.news.naver.com/article/022/0004012245?ntype=RANKING,중립
"""北에서 포로는 변절, 한국 가고 싶다"" 우크라 전장서 붙잡힌 북한군 인터뷰",https:///n.news.naver.com/article/448/0000509133?ntype=RANKING,중립
"진성준 ""민주당, 중도보수 맞아…진보적 가치 지향""",https:///n.news.naver.com/article/448/0000509160?ntype=RANKING,중립
"김문수 ""법적 정년 연장하면 청년 취업 악화""",https:///n.news.naver.com/article/448/0000509166?ntype=RANKING,중립
한덕수 탄핵심판 오늘 시작…내일은 尹과 첫 대면,https:///n.news.naver.com/article/448/0000509135?ntype=RANKING,중립
"홍준표 ""나는 사기꾼 명태균에 여론조작 당한 피해자""",https:///n.news.naver.com/article/448/0000509163?ntype=RANKING,중립
"“21만→1만원, 이건 진짜 역대급이다” 18만명 피눈물…낯선 ‘이 남자’만 떼돈 챙겼다",https:///n.news.naver.com/article/016/0002430731?ntype=RANKING,중립
금값 오른다고 앞다퉈 금은방 달려가더니…초과 수익률 되돌림 주의보 [투자360],https:///n.news.naver.com/article/016/0002430875?ntype=RANKING,중립
"‘친일파 후손’ 이지아 父, 350억 땅 놓고…형제 간 법적분쟁",https:///n.news.naver.com/article/016/0002430822?ntype=RANKING,중립
한때 1위였다…“충격적 꼴찌 추락” 이러다 다 죽어 ‘아우성’,https:///n.news.naver.com/article/016/0002430712?ntype=RANKING,중립
홈캠에 충격적인 장면이…90대 할머니 성폭행 후 30만원 건넨 이장,https:///n.news.naver.com/article/016/0002430909?ntype=RANKING,중립
"미인 대회 우승 33세 女, 둘째 임신 중 돌연 사망..서희원도 사망 이르게 한 급성 폐렴  [헬스톡]",https:///n.news.naver.com/article/014/0005310290?ntype=RANKING,중립
"전 소속사에 '7억 빚'..22억 집 떠나 알바 한 김새론 ""경제활동 어려워 갚을 방법 없어""",https:///n.news.naver.com/article/014/0005309949?ntype=RANKING,중립
"‘친일파 후손’ 이지아 父, 350억 땅 놓고…형제 간 법적 공방",https:///n.news.naver.com/article/014/0005310413?ntype=RANKING,중립
"""성인전에는 담배피지말랬지"" 20대 이전 흡연시 발병 두 배 이상 높아지는 ""이 병""",https:///n.news.naver.com/article/014/0005310279?ntype=RANKING,중립
"""변기뚜껑 닫거나 말거나 병원균은 퍼져""..결국 '이것' 켜야 안전",https:///n.news.naver.com/article/014/0005310429?ntype=RANKING,중립
"""尹 전화 6통 모두 의원 체포 닦달"" 조지호 진술에 경향 ""파면 증거""",https:///n.news.naver.com/article/006/0000128624?ntype=RANKING,중립
"'중국간첩 99명 체포' 스카이데일리, 인터넷신문윤리위도 경고",https:///n.news.naver.com/article/006/0000128619?ntype=RANKING,중립
"25세 김새론 배우의 죽음, 언론의 자성 그 이상이 필요하다",https:///n.news.naver.com/article/006/0000128621?ntype=RANKING,중립
"""목격자를 없애려는 폭력 앞에서 관습적 영상 보도 안 돼""",https:///n.news.naver.com/article/006/0000128626?ntype=RANKING,중립
페이스북 방치됐나? 이번엔 성매매 광고 버젓이,https:///n.news.naver.com/article/006/0000128613?ntype=RANKING,중립
90대 할머니 성폭행한 70대 이장…옷 주머니에 30만원 넣어,https:///n.news.naver.com/article/003/0013075490?ntype=RANKING,중립
"친일파 후손 이지아 父, 350억 땅 상속 분쟁",https:///n.news.naver.com/article/003/0013075533?ntype=RANKING,중립
"""코 수술하고 인생 달라졌다""…놀림 받던 美 여성의 변신",https:///n.news.naver.com/article/003/0013075132?ntype=RANKING,중립
"[속보]헌재, 문형배 비난·집 앞 시위에 ""수사 의뢰 논의중""",https:///n.news.naver.com/article/003/0013075851?ntype=RANKING,중립
"북한군 포로 ""대한민국 갈 생각""…정부, 우크라와 협의 할 듯",https:///n.news.naver.com/article/003/0013075706?ntype=RANKING,중립
"""아빠 모두 다른 애 셋 여자와 재혼한다는 친오빠…집안 뒤집어졌다""",https:///n.news.naver.com/article/421/0008084290?ntype=RANKING,중립
"[속보]헌재 ""조지호 경찰청장, 탄핵심판 출석 의사…자진 출석 가능성도""",https:///n.news.naver.com/article/421/0008085009?ntype=RANKING,중립
"악몽 꾸고 가위눌리던 신혼집 '비밀'…집주인은 ""사람 안 죽는 집 있나""",https:///n.news.naver.com/article/421/0008084293?ntype=RANKING,중립
"""불륜 들켜 갈라서자는 아내 붙잡았는데…지금도 상간녀 너무 좋아, 이혼 간절""",https:///n.news.naver.com/article/421/0008084292?ntype=RANKING,중립
"[속보] 헌재, 문형배 출근길 시위·비난에 ""경찰 수사 의뢰 논의중""",https:///n.news.naver.com/article/421/0008085033?ntype=RANKING,중립
"[속보]헌재 ""조지호, 출석 의사 내비쳐""..악성 공격엔 ""경찰 수사의뢰 논의""",https:///n.news.naver.com/article/660/0000079738?ntype=RANKING,중립
납치인 줄 알고 택시서 뛴 여대생 사망..기사는 '무죄',https:///n.news.naver.com/article/660/0000079704?ntype=RANKING,중립
"""홈캠 보고 신고""..이웃집 침입해 성범죄 저지른 70대 남성",https:///n.news.naver.com/article/660/0000079730?ntype=RANKING,중립
"尹, 조지호에 ""국회의원 다 잡아. 체포해""..尹측, 헌재 항의·퇴장",https:///n.news.naver.com/article/660/0000079685?ntype=RANKING,중립
'대입 포기' 벼락 맞은 재수생..옆자리 학생이 개인정보 도용,https:///n.news.naver.com/article/660/0000079728?ntype=RANKING,중립
"전주 덕진공원 나무 200그루 사라진다.. ""호수 조망 위해""",https:///n.news.naver.com/article/659/0000030595?ntype=RANKING,중립
"[속보] 신영대 공직선거법 위반 벌금 50만 원 유지..""뇌물 혐의 기소는 표적 수사""",https:///n.news.naver.com/article/659/0000030607?ntype=RANKING,중립
"노인 무릎 인공관절 수술비 ""최대 240만 원 지원"" [글로컬 전북-남원·임실·완주·장수]",https:///n.news.naver.com/article/659/0000030599?ntype=RANKING,중립
"""'올림픽 공동개최' 만장일치""?.. 혼선 빚은 '전북도'",https:///n.news.naver.com/article/659/0000030596?ntype=RANKING,중립
정읍 단독주택 화재.. 4500만 원 재산피해,https:///n.news.naver.com/article/659/0000030600?ntype=RANKING,중립
"정옥임 ""짐싸고 떠난 尹측 변호사…'중대한 결심' 전초전?""[한판승부]",https:///n.news.naver.com/article/079/0003993541?ntype=RANKING,중립
"[속보]헌재 ""헌법연구관 상대 가짜뉴스 증거 수집중…수사의뢰 논의""",https:///n.news.naver.com/article/079/0003993658?ntype=RANKING,중립
"[단독]""명태균 끊었다"" 했지만…오세훈·측근, 두 차례 문자",https:///n.news.naver.com/article/079/0003993537?ntype=RANKING,중립
[속보]'에너지 3법' 여야 합의로 산자위 통과,https:///n.news.naver.com/article/079/0003993689?ntype=RANKING,중립
가전도 이제는 '구독' 시대…구독 vs 구매 뭐가 더 이득일까?,https:///n.news.naver.com/article/079/0003993523?ntype=RANKING,중립
'스테이블 코인' 때문에 강달러 현상 유발?… 결코 가볍게 볼 수 없는 이유,https:///n.news.naver.com/article/138/0002191124?ntype=RANKING,중립
"'대법원 行' 어깨 무거운 이재용, 빼앗긴 주도권은 어쩌나?…반도체 전문가 이사진 배치",https:///n.news.naver.com/article/138/0002191096?ntype=RANKING,중립
내 사용량에 딱 맞는 5G 알뜰폰 요금제 출시될까,https:///n.news.naver.com/article/138/0002191069?ntype=RANKING,중립
"“돈 못 버는 홈쇼핑?” 이젠 아냐, 1년 만에 턴어라운드한 비결은",https:///n.news.naver.com/article/138/0002191129?ntype=RANKING,중립
"[콘텐츠뷰] ""당신도 미정이 될 수 있다""…'마녀'로 본 사회적 낙인",https:///n.news.naver.com/article/138/0002191114?ntype=RANKING,중립
[속보]‘보수주자 적합도’ 김문수 22.3% 유승민 15.1%…김문수 중도층 약진,https:///n.news.naver.com/article/021/0002691221?ntype=RANKING,중립
“세뱃돈 보관했다 너 크면 줄게” 아빠 경찰에 신고한 아들,https:///n.news.naver.com/article/021/0002691069?ntype=RANKING,중립
인요한 “난 광주서 시민군 통역했다…尹과 전두환 계엄 달라”,https:///n.news.naver.com/article/021/0002691095?ntype=RANKING,중립
아들과 명태균 간 문자에 홍준표 “아들이 속아서 한 일”,https:///n.news.naver.com/article/021/0002691137?ntype=RANKING,중립
목숨 끊은 30대 새신랑 “킹크랩 사와라” 괴롭힌 농협 상사 4명,https:///n.news.naver.com/article/021/0002691077?ntype=RANKING,중립
“용왕이 점지”…180㎝ 초대형 돗돔 낚시로 잡혀,https:///n.news.naver.com/article/662/0000062174?ntype=RANKING,중립
‘봄 여행’ 문체부가 선정한 ‘로컬100’으로 떠나요,https:///n.news.naver.com/article/662/0000062136?ntype=RANKING,중립
유명인 따라 자살 ‘베르테르 효과’…안 좋은 생각 1000배까지,https:///n.news.naver.com/article/662/0000062168?ntype=RANKING,중립
낮아진 ‘신용점수 커트라인’…“카드만 잘 관리해도 대출 유리”,https:///n.news.naver.com/article/662/0000062162?ntype=RANKING,중립
봄의 전령 ‘고로쇠’ 이상기상 여파 생산량 급감,https:///n.news.naver.com/article/662/0000062163?ntype=RANKING,중립
㈜한화 지분 완전히 정리한 김호연 빙그레 회장의 완벽한 매도 '타이밍',https:///n.news.naver.com/article/293/0000063926?ntype=RANKING,중립
"[단독] 서울PE, 위니아 인수전서 광원이엔지와 '맞손' [넘버스]",https:///n.news.naver.com/article/293/0000063928?ntype=RANKING,중립
"[주총 포커스] '주주환원 기지개' HD한국조선해양, 힘 받는 '정기선 체제'",https:///n.news.naver.com/article/293/0000063934?ntype=RANKING,중립
"LG 창업주 손자, 韓에 세계 최대 데이터센터 건설 추진…3GW 규모",https:///n.news.naver.com/article/293/0000063924?ntype=RANKING,중립
"도요타, GM 떠난 LG엔솔 美 공장서 배터리 주문",https:///n.news.naver.com/article/293/0000063923?ntype=RANKING,중립
"연세대, 부커상 작품 쓰느라 강의 제대로 못했다고?",https:///n.news.naver.com/article/036/0000051194?ntype=RANKING,중립
"[단독] 서울 H&M 수거함에 넣은 헌 옷, 우간다로… ‘그린워싱’ 논란",https:///n.news.naver.com/article/036/0000051193?ntype=RANKING,중립
정대철 “대선 전에 개헌해야… 끝나고는 못한다”,https:///n.news.naver.com/article/036/0000051197?ntype=RANKING,중립
“해외 주권 침탈 세력에 국민 노예 될까봐” 주장 되풀이,https:///n.news.naver.com/article/036/0000051196?ntype=RANKING,중립
“내 그림은 이스라엘에 대한 저항”,https:///n.news.naver.com/article/036/0000051198?ntype=RANKING,중립
"[속보] 헌재 ""헌법연구관 가짜뉴스 증거 수집중…수사의뢰 논의""",https:///n.news.naver.com/article/088/0000931837?ntype=RANKING,중립
"인요한 ""난 5·18때 광주서 시민군 통역…尹과 전두환 계엄 달라""",https:///n.news.naver.com/article/088/0000931833?ntype=RANKING,중립
"강승규 ""문형배 탄핵안, 친한계도 절반이 찬성해…지도부 움직여야""",https:///n.news.naver.com/article/088/0000931822?ntype=RANKING,중립
"""전한길 띄운 건 민주당""…""이재명 '우클릭 쇼'에도 정체 이유?"" [뉴스캐비닛]",https:///n.news.naver.com/article/088/0000931826?ntype=RANKING,중립
"변론기일 변경 불허에 與 중진들 ""사법 갑질, 정치테러""",https:///n.news.naver.com/article/088/0000931823?ntype=RANKING,중립
"“중단하면 살 훅 쪄”… 미자 ‘이 방법’ 다이어트 비추, 요요 오는 지름길?",https:///n.news.naver.com/article/346/0000087684?ntype=RANKING,중립
"“꽃가루 알레르기인 줄 알았는데”… 60대 女 ‘이 암’으로 한쪽 눈 적출, 무슨 사연?",https:///n.news.naver.com/article/346/0000087683?ntype=RANKING,중립
"“75세 맞아?” 디자이너 베라 왕, 레드카펫서 ‘군살 없는’ 몸매 공개… 평소 관리법은?",https:///n.news.naver.com/article/346/0000087685?ntype=RANKING,중립
"“허약 체질, 안 아프려 애쓰는 중”… 오연수, 아침에 어떤 ‘건강식’ 먹나 보니?",https:///n.news.naver.com/article/346/0000087697?ntype=RANKING,중립
"“‘이게’ 다 장에서 나왔다고”… 90대 女, 즐겨 먹던 ‘이 음식’ 다 쌓였다는데 왜?",https:///n.news.naver.com/article/346/0000087704?ntype=RANKING,중립
겨울철 전기차 배터리 고속 충전 음극 소재 나왔다,https:///n.news.naver.com/article/584/0000030989?ntype=RANKING,중립
"'기적의 항암제' CAR-T 치료제, 암환자 18년 생존 기록 달성",https:///n.news.naver.com/article/584/0000030985?ntype=RANKING,중립
"""딸기 몇알 드셨나요?"" 설문 불필요…대변 DNA로 식단 파악",https:///n.news.naver.com/article/584/0000030986?ntype=RANKING,중립
최대 성능 11배 향상된 PIM 반도체 나왔다,https:///n.news.naver.com/article/584/0000030992?ntype=RANKING,중립
체지방 감소 이어 '근육량 증가' 신약 등장 기대,https:///n.news.naver.com/article/584/0000030981?ntype=RANKING,중립
"'백범 김구가 지목한 숙청대상'…친일파 후손 이지아父, 350억 땅 형제 간 법적분쟁",https:///n.news.naver.com/article/119/0002924953?ntype=RANKING,중립
"[속보] 헌재 ""조지호 경찰청장 변호인과 협의 중…출석 의사 내비쳐""",https:///n.news.naver.com/article/119/0002924944?ntype=RANKING,중립
'당 장악·대선 출마' 마치고 늪 빠진 이준석…국민의힘 노크할까,https:///n.news.naver.com/article/119/0002924779?ntype=RANKING,중립
"故 김새론 발인, 마지막 가는 길 '아저씨' 배우들이 지켰다",https:///n.news.naver.com/article/119/0002924780?ntype=RANKING,중립
"'얼굴천재' 차은우에 '초통령' 장원영까지…5대 은행, 작년 관리비 21조",https:///n.news.naver.com/article/119/0002924799?ntype=RANKING,중립
여기만 가면 숨이 턱턱…가장 사람 많은 지하철역 1위는?,https:///n.news.naver.com/article/374/0000426035?ntype=RANKING,중립
강남보다 '이곳' 집값 더 뛰었다…'옆세권' 눈 돌린다,https:///n.news.naver.com/article/374/0000426043?ntype=RANKING,중립
[속보] '에너지 3법' 모두 여야 합의로 국회 산업위 통과,https:///n.news.naver.com/article/374/0000426118?ntype=RANKING,중립
'현찰 준다'에 난리 난 '이곳'…개인정보 유출 대수냐,https:///n.news.naver.com/article/374/0000426033?ntype=RANKING,중립
'돌반지 지금 팔지 마세요'…금값 더 오른다 얼마?,https:///n.news.naver.com/article/374/0000425966?ntype=RANKING,중립
"김하늘 양 살해 교사, 범행 전 ‘과거 살인 기사’ 등 검색…“계획 범행”",https:///n.news.naver.com/article/449/0000300120?ntype=RANKING,중립
홍준표 “내 아들이 명태균에 속아 감사 문자 보내”,https:///n.news.naver.com/article/449/0000300114?ntype=RANKING,중립
"이재명 “소비쿠폰 추경, 죽어도 못하겠다면 일자리·창업에 쓰자”",https:///n.news.naver.com/article/449/0000300112?ntype=RANKING,중립
"김기현, 헌재 맹비난 “빵 훔쳐도 이렇게 난폭하게 재판 안 해” [현장영상]",https:///n.news.naver.com/article/449/0000300110?ntype=RANKING,중립
유아인 집행유예 석방…출연 영화 ‘승부’ 개봉 [자막뉴스],https:///n.news.naver.com/article/449/0000300106?ntype=RANKING,중립
[교통시대]승하차 1위 지하철역은 강남 아닌 '이곳',https:///n.news.naver.com/article/648/0000033567?ntype=RANKING,중립
"K-조선, 박리다매 끝!…트럼프 2.0 타고 '고수익' 항로 변경",https:///n.news.naver.com/article/648/0000033553?ntype=RANKING,중립
'65세이상 운수종사자' 7개항 중 '미흡' 2개면 부적합,https:///n.news.naver.com/article/648/0000033568?ntype=RANKING,중립
"부활한 '애니팡2', 하루 20만명 즐긴다",https:///n.news.naver.com/article/648/0000033543?ntype=RANKING,중립
"'테슬라 강세론자' 아이브스 ""기술주 파티 이제 시작...M7 25% 더 간다""",https:///n.news.naver.com/article/648/0000033562?ntype=RANKING,중립
"홍준표 ""아들이 속아 명태균에 문자 보낸 것…무슨 문제 되나""",https:///n.news.naver.com/article/586/0000097571?ntype=RANKING,중립
"""내 옆에 있으면 벼락 맞아"" ""민주당은 중도보수 포지션""…이재명의 깜짝 발언",https:///n.news.naver.com/article/586/0000097567?ntype=RANKING,중립
"입장 바꾼 소방청장?…""이상민, '단전·단수' 지시 명확하지 않아""",https:///n.news.naver.com/article/586/0000097564?ntype=RANKING,중립
"검찰, 김성훈 구속영장 세번째 반려…""비화폰에 檢 흔적 있나"" 격앙",https:///n.news.naver.com/article/586/0000097565?ntype=RANKING,중립
"한발 물러선 이재명 ""추경, 소비쿠폰 안되면 청년 일자리에 쓰자""",https:///n.news.naver.com/article/586/0000097573?ntype=RANKING,중립
Illit tops 200m views with debut music video,https:///n.news.naver.com/article/044/0000266752?ntype=RANKING,긍정
Court sticks to schedule for Yoon Suk Yeol's impeachment trial,https:///n.news.naver.com/article/044/0000266746?ntype=RANKING,중립
[Graphic News] 7% of global citizens expect worse economic future for children,https:///n.news.naver.com/article/044/0000266760?ntype=RANKING,부정
Hanwha’s high-stakes bid for Ourhome: growth or gamble?,https:///n.news.naver.com/article/044/0000266740?ntype=RANKING,긍정
Conservative presidential hopefuls deny ties to political broker in growing scandal,https:///n.news.naver.com/article/044/0000266745?ntype=RANKING,부정
中양자컴퓨팅 '오리진 우콩' 충격…美 리게티·아이온큐 주가 하락,https:///n.news.naver.com/article/092/0002363709?ntype=RANKING,중립
"[영상] ""아이폰17 에어, 이렇게 나온다""",https:///n.news.naver.com/article/092/0002363646?ntype=RANKING,중립
"내가 묵은 국내 5성급 호텔...""진짜 별이 다섯개일까""",https:///n.news.naver.com/article/092/0002363660?ntype=RANKING,중립
"롯데마트, 캐나다·미국산 삼겹살·목심 890원에 판다",https:///n.news.naver.com/article/092/0002363740?ntype=RANKING,중립
"아이폰17 에어, 티타늄 소재 채택할까",https:///n.news.naver.com/article/092/0002363711?ntype=RANKING,중립
"박지원 ""김여사가 '오빠 빨리 계엄해' 지시""…윤 측 ""허위 사실""",https:///n.news.naver.com/article/057/0001872479?ntype=RANKING,중립
"""노래방에서 아가씨가 성행위를"" 신고 접수…알고 보니",https:///n.news.naver.com/article/057/0001872507?ntype=RANKING,중립
"김정은 역대급 분노…""목욕탕 성접대 받은 간부, 여 봉사원까지 처벌""",https:///n.news.naver.com/article/057/0001872452?ntype=RANKING,중립
"'이걸 5,000원에 판다고?'…다이소, 다음 주부터 건기식 판매 시작",https:///n.news.naver.com/article/057/0001872491?ntype=RANKING,중립
"안철수 ""조기 대선 열린다면""…출마 시사?",https:///n.news.naver.com/article/057/0001872515?ntype=RANKING,중립
'이준석 맹공' 폭주하는 허은아…조기 대선 발목 잡기?,https:///n.news.naver.com/article/629/0000365887?ntype=RANKING,중립
"""尹부부 수사 회피?""…검찰 명태균 수사 결과에 野, 특검 드라이브",https:///n.news.naver.com/article/629/0000365886?ntype=RANKING,중립
"'초고령사회' 65세는 한창 때…서울시, '노인 연령 상향' 예의주시",https:///n.news.naver.com/article/629/0000365808?ntype=RANKING,중립
탄핵심판 막판 여론전 활활…'불복·하야' 극단 시나리오도,https:///n.news.naver.com/article/629/0000365820?ntype=RANKING,중립
'싼 아이폰' 들고 애플도 참전…뜨거워진 상반기 스마트폰 시장,https:///n.news.naver.com/article/629/0000365943?ntype=RANKING,중립
"90대 성폭행한 70대 남성, 30만원으로 합의 시도…""좋은 게 좋은 거라고""",https:///n.news.naver.com/article/031/0000909929?ntype=RANKING,중립
"박지현, 이재명 직격 ""김대중·노무현·문재인의 민주당, 4년짜리 대표가 바꾸지 마""",https:///n.news.naver.com/article/031/0000909940?ntype=RANKING,중립
"'전세사기 떠넘기기' 논란 유튜버, 7개월 만에 SNS로 재차 사과",https:///n.news.naver.com/article/031/0000909952?ntype=RANKING,중립
"의붓형 살해 뒤 2분 뒤 편의점 직원 살해⋯""화가 나서, 왜 화 났는지는 몰라""",https:///n.news.naver.com/article/031/0000909889?ntype=RANKING,중립
아이 낳고 '욕쟁이' 된 아내…이혼 사유 되나요? [결혼과 이혼],https:///n.news.naver.com/article/031/0000909854?ntype=RANKING,중립
"[속보] 헌재 ""국회 측, 한동훈 증인신청…채택 여부 미정""",https:///n.news.naver.com/article/656/0000122072?ntype=RANKING,중립
"나경원 ""국민이 뽑은 尹…헌재, 헌법 위에 서겠다는 것""",https:///n.news.naver.com/article/656/0000122047?ntype=RANKING,중립
"'대전 초등생 피살' 가해 교사, 범행 전 '살인사건' 기사 살펴봤다",https:///n.news.naver.com/article/656/0000122060?ntype=RANKING,중립
"이재명 ""전국민 25만 원, 죽어도 못하겠다면 청년 일자리 예산에""",https:///n.news.naver.com/article/656/0000122067?ntype=RANKING,중립
"소득세 손질 들어가나…이재명 ""월급쟁이 봉 아니다""",https:///n.news.naver.com/article/656/0000122038?ntype=RANKING,중립
"[속보] 헌재 ""조지호 경찰청장, 출석 의사 내비쳐…변호인과 협의 중""",https:///n.news.naver.com/article/654/0000106819?ntype=RANKING,중립
"배우 고 김새론, 유족·지인 마지막 배웅 속 영원한 '여행자'가 되다",https:///n.news.naver.com/article/654/0000106803?ntype=RANKING,중립
"안 팔리는 지방 아파트, LH가 직접 사들인다",https:///n.news.naver.com/article/654/0000106800?ntype=RANKING,중립
"우크라에 붙잡힌 북한군 포로 ""한국가고 싶다""",https:///n.news.naver.com/article/654/0000106816?ntype=RANKING,중립
"""속초에서 국밥 계산해 주신 분 감사합니다""",https:///n.news.naver.com/article/654/0000106595?ntype=RANKING,중립
"“45세 피부 맞아?” 사유리, ‘이것’ 넣은 팩...피부 세균도 죽여준다고?",https:///n.news.naver.com/article/296/0000086877?ntype=RANKING,중립
"""혀에 작은 궤양, 의사는 치아 탓""...결국 6cm혀 잘라낸 女, 무슨 일?",https:///n.news.naver.com/article/296/0000086878?ntype=RANKING,중립
일주일에 ‘이만큼’ 운동해야…살 쭉쭉 빠진다고? 이하는 ‘글쎄’,https:///n.news.naver.com/article/296/0000086863?ntype=RANKING,중립
술을 마시는 순간 ‘큰일’ 날 수 있는 이유 5가지!,https:///n.news.naver.com/article/296/0000086885?ntype=RANKING,중립
"마음에 드는 이성, 유혹하는 법...‘이 부위’ 쳐다보라고?",https:///n.news.naver.com/article/296/0000086879?ntype=RANKING,중립
"Korea to up tax credit rate for chipmakers, but critical semiconductor act in limbo",https:///n.news.naver.com/article/640/0000065731?ntype=RANKING,부정
Yoon exits court early in contentious ninth impeachment hearing,https:///n.news.naver.com/article/640/0000065733?ntype=RANKING,부정
Korea to 'review' plastic straw ban as U.S. turns its back on paper,https:///n.news.naver.com/article/640/0000065730?ntype=RANKING,부정
Korea's unforgiving celebrity culture slammed in wake of Kim Sae-ron's death,https:///n.news.naver.com/article/640/0000065724?ntype=RANKING,부정
Why private academies cost an arm and a leg,https:///n.news.naver.com/article/640/0000065735?ntype=RANKING,중립
"홍준표 ""내 아들 명태균에 속아 문자…도대체 무슨 죄냐""",https:///n.news.naver.com/article/666/0000064848?ntype=RANKING,중립
‘시흥 흉기사건’ 피의자 “너무 화가 나서 범행…어째서 화났는 지는 몰라”,https:///n.news.naver.com/article/666/0000064835?ntype=RANKING,중립
"이재명 “민주당, 진보 아니다…중도·보수 맡아야”",https:///n.news.naver.com/article/666/0000064842?ntype=RANKING,중립
"'택시 납치' 오해한 여대생, 투신 사망…택시기사·운전자 무죄 확정",https:///n.news.naver.com/article/666/0000064747?ntype=RANKING,중립
윤상현 “사법부 속 하나회…우리법연구회·국제인권법연구회 해체해야”,https:///n.news.naver.com/article/666/0000064846?ntype=RANKING,중립
김준일 “윤석열 측 헌재 보이콧? 윤석열 탄핵 100% 인용될 것” [김은지의 뉴스IN],https:///n.news.naver.com/article/308/0000036206?ntype=RANKING,중립
"윤석열은 싸운다, 윤석열과 [쿠데타의 재구성]",https:///n.news.naver.com/article/308/0000036210?ntype=RANKING,중립
"트럼프가 온다, 공급망 붕괴가 온다 [새로 나온 책]",https:///n.news.naver.com/article/308/0000036208?ntype=RANKING,중립
"‘선언 2’의 작곡자, 한 예술가의 이름을 기억하다 [프리스타일]",https:///n.news.naver.com/article/308/0000036207?ntype=RANKING,중립
"민주주의여, 오라! ‘몬순 혁명’이 물리친 서늘한 세계 [시선]",https:///n.news.naver.com/article/308/0000036209?ntype=RANKING,중립
이재명 “추경 꼭 해야···소비쿠폰 못하겠으면 일자리에 쓰자”,https:///n.news.naver.com/article/033/0000048375?ntype=RANKING,중립
"NYT “김새론 죽음, 압박 심한 한국 연예산업의 비극”",https:///n.news.naver.com/article/033/0000048365?ntype=RANKING,중립
요즘 세상에 시사주간지 보는 사람들[편집실에서],https:///n.news.naver.com/article/033/0000048374?ntype=RANKING,중립
공공개발 반대에 규제 완화로 답한 정부[취재 후],https:///n.news.naver.com/article/033/0000048371?ntype=RANKING,중립
우리 스스로가 자초하는 ‘감시사회’[신간],https:///n.news.naver.com/article/033/0000048367?ntype=RANKING,중립
"검찰, 김건희 통신조회로 '22대 총선개입' 정황 확인",https:///n.news.naver.com/article/607/0000002473?ntype=RANKING,중립
'김건희 공천개입설' 담은 국민의힘 대외비 감사보고서,https:///n.news.naver.com/article/607/0000002472?ntype=RANKING,중립
"""박사님 덕분입니다""...명태균, 대통령경호처 '인사청탁' 정황",https:///n.news.naver.com/article/607/0000002470?ntype=RANKING,중립
명태균 녹음 속 '대우조선 파업 보고서' 입수...거짓·과장 수두룩,https:///n.news.naver.com/article/607/0000002471?ntype=RANKING,중립
[KINN] TK매체 내란보도 분석①: 극우 유튜브 같은 매일신문 칼럼,https:///n.news.naver.com/article/607/0000002469?ntype=RANKING,중립
10년 만에 돌아온 미분양의 늪…해법도 반복될까?[비즈니스 포커스],https:///n.news.naver.com/article/050/0000086692?ntype=RANKING,중립
“나라 지키는게 본분인데” 계엄 수사 받는 현역군인 30명,https:///n.news.naver.com/article/050/0000086691?ntype=RANKING,중립
"“25만원 민생지원금, 결국 국민이 갚는다”",https:///n.news.naver.com/article/050/0000086685?ntype=RANKING,중립
"“30척, 3.7조원 쏜다” 오만 아샤드쉬핑 발주, 한국 조선사 수혜 예상",https:///n.news.naver.com/article/050/0000086707?ntype=RANKING,중립
“TV는 역시 삼성·LG” 글로벌 시장 석권 속 중국 맹추격,https:///n.news.naver.com/article/050/0000086699?ntype=RANKING,중립
"딥시크 R1, 챗GPT는 하지 않는 ‘키보드 입력 패턴’까지 수집",https:///n.news.naver.com/article/037/0000035763?ntype=RANKING,중립
"전투기 공중전, 초장거리 교전 대비가 대세… 한국은 걸음마",https:///n.news.naver.com/article/037/0000035761?ntype=RANKING,중립
"팔란티어, 엔비디아 바통 넘겨받아 AI 시장 선도주로 급부상",https:///n.news.naver.com/article/037/0000035758?ntype=RANKING,중립
국민 대다수 찬성에도 미뤄지는 ‘내장형 동물등록 일원화’,https:///n.news.naver.com/article/037/0000035760?ntype=RANKING,중립
"[오늘의 급등주] 유일로보틱스, 실적 확대 기대감에 장중 신고가",https:///n.news.naver.com/article/037/0000035759?ntype=RANKING,중립
"""60억 납부? 나만 힘드네""… JK김동욱, 이하늬 저격했나",https:///n.news.naver.com/article/417/0001059034?ntype=RANKING,중립
"""자숙 중 술파티""… 김새론 논란 다룬 유튜버, 사과 없이 영상 '비공개'",https:///n.news.naver.com/article/417/0001058983?ntype=RANKING,중립
"오요안나 일기장 파장에도… '가해자 의혹' 기캐, 오늘도 날씨 방송",https:///n.news.naver.com/article/417/0001059027?ntype=RANKING,중립
"""지하철역까지 5분"" 초역세권 아파트값 5년새 38% 상승",https:///n.news.naver.com/article/417/0001059021?ntype=RANKING,중립
"""전쟁은 다 남자 XX 때문""… 논란된 여성 BJ, 긴급휴방 후 사과",https:///n.news.naver.com/article/417/0001058988?ntype=RANKING,중립
"""우크라 없이 종전 없다"" 결국 폭발한 젤렌스키, 사우디 방문도 취소",https:///n.news.naver.com/article/123/0002353262?ntype=RANKING,중립
"당뇨약 조합 바꾸니, 혈당과 체중이 동시에 줄었다?",https:///n.news.naver.com/article/123/0002353219?ntype=RANKING,중립
"대만, 韓·中 스테인리스강 반덤핑 관세 연장…""중단 시 산업계 피해""",https:///n.news.naver.com/article/123/0002353244?ntype=RANKING,중립
"4월까지 ‘122조원’ 정책금융 집행…""실물경기 조속한 회복 지원""",https:///n.news.naver.com/article/123/0002353256?ntype=RANKING,중립
"리플, 호재로 버티고 있지만 대부분 지표는 악화",https:///n.news.naver.com/article/123/0002353254?ntype=RANKING,중립
"'尹, 조지호에 ""국회의원 체포"" 지시' 조서 나오자 尹측 헌재 퇴장",https:///n.news.naver.com/article/002/0002373787?ntype=RANKING,중립
"이재명 ""민주당, 진보 아니다. 중도 보수로 오른쪽 맡아야""",https:///n.news.naver.com/article/002/0002373780?ntype=RANKING,중립
"김부겸, '개딸' 향해 ""여러분이 보이는 행태 바꿔달라""",https:///n.news.naver.com/article/002/0002373785?ntype=RANKING,중립
"김종대 ""윤석열, 비상계엄 때 술냄새 났다는 제보 있다""",https:///n.news.naver.com/article/002/0002373784?ntype=RANKING,중립
"고립되며 ""미쳐간"" 우익 엘리트 트럼프와 머스크, 진보 겨냥한 허무주의적 복수?[트럼프 2기 개막]",https:///n.news.naver.com/article/002/0002373816?ntype=RANKING,중립
[속보] 헌재 “헌법연구관 상대 가짜뉴스 증거 수집중…수사의뢰 논의”,https:///n.news.naver.com/article/658/0000097793?ntype=RANKING,중립
[속보] ‘에너지 3법’ 모두 여야 합의로 국회 산업위 통과,https:///n.news.naver.com/article/658/0000097799?ntype=RANKING,중립
"홍준표 대구시장 ""나는 사기꾼 명태균에 여론조작 당한 피해자""",https:///n.news.naver.com/article/658/0000097786?ntype=RANKING,중립
日공항서 아이돌 촬영 막은 직원 폭행한 20대 한국인 체포,https:///n.news.naver.com/article/658/0000097783?ntype=RANKING,중립
"""중국문화 훔치는 한국인""…억지 주장 난무하는 '중국판 인스타'",https:///n.news.naver.com/article/658/0000097782?ntype=RANKING,중립
[속보] 경북 경산시에 대형 프리미엄 쇼핑몰 들어선다···현대백화점 계열사 한무쇼핑 낙찰,https:///n.news.naver.com/article/657/0000035157?ntype=RANKING,중립
[속보] 김태오 전 대구은행 DGB금융그룹 회장 원심 파기 징역 2년에 집유 3년,https:///n.news.naver.com/article/657/0000035164?ntype=RANKING,중립
"[속보] ""지방 미분양 아파트 3천호 LH 직접 매입""···정부, 지역 건설경기 보완 방안 발표",https:///n.news.naver.com/article/657/0000035165?ntype=RANKING,중립
"조국혁신당 ""강남·서초·송파가 중산층? 민주당과 국민의힘, 부자 감세 경쟁 벌이고 있다""",https:///n.news.naver.com/article/657/0000035147?ntype=RANKING,중립
"대구 지하철 참사 22주기에도 묘역 없는 이름표 앞에서···""엄마가 사랑해""",https:///n.news.naver.com/article/657/0000035152?ntype=RANKING,중립
"'간첩 99명 체포' 근거는? 스카이데일리 ""물증으로 취재하나""",https:///n.news.naver.com/article/127/0000037218?ntype=RANKING,중립
"조선일보·연합인포·영남일보 ""AI 툴 팔아요""",https:///n.news.naver.com/article/127/0000037217?ntype=RANKING,중립
성희롱·폭언? 언론사는 안 그렇겠지… 아니요 2025년에도 여전합니다,https:///n.news.naver.com/article/127/0000037215?ntype=RANKING,중립
안티페미 방치하며 민주주의를 말하는 역설,https:///n.news.naver.com/article/127/0000037209?ntype=RANKING,중립
"'듣는 직업' 기자의 트라우마, 동료들이 들어줄 때 치유된다",https:///n.news.naver.com/article/127/0000037220?ntype=RANKING,중립
"영업이익률 46%, 한미반도체 뭘 했길래",https:///n.news.naver.com/article/024/0000095058?ntype=RANKING,중립
대통령 없는 대통령실...‘尹부부 딥페이크’ 제작·유포 유튜버 고발,https:///n.news.naver.com/article/024/0000095042?ntype=RANKING,중립
"포르쉐, 中샤오미 카피車 저가 공세에 굴욕...판매량 28%↓",https:///n.news.naver.com/article/024/0000095056?ntype=RANKING,중립
"‘가격 논란’ 빽햄, 결국 공식물 판매 중단",https:///n.news.naver.com/article/024/0000095055?ntype=RANKING,중립
"日, 대만인 호적 표기 ‘중국’→‘대만’...한국도 바뀔까",https:///n.news.naver.com/article/024/0000095049?ntype=RANKING,중립
인도 속의 '티베트'…은둔의 땅을 가다 [라다크],https:///n.news.naver.com/article/094/0000012451?ntype=RANKING,중립
한국 러너들이 겨울 태국에 가는 이유 [치앙마이 TR 대회 참가기],https:///n.news.naver.com/article/094/0000012450?ntype=RANKING,중립
다리 휘면 무릎에 부담…엉덩이 근육 키워야 [한의사 박호연의 산행처방],https:///n.news.naver.com/article/094/0000012447?ntype=RANKING,중립
험상 궂지만 '일급 조망' 품은 산 [지도 위를 걷다],https:///n.news.naver.com/article/094/0000012448?ntype=RANKING,중립
[환경-자연 영화 '바다 늑대의 섬'] 캐나다 밴쿠버섬 야생동물의 365일,https:///n.news.naver.com/article/094/0000012449?ntype=RANKING,중립
"故 김새론, 25살에 진 별...오늘(19일) 발인 영면",https:///n.news.naver.com/article/243/0000072976?ntype=RANKING,중립
"상위 1% 부자 되는 법은…“30대엔 몸, 40대엔 머리, 50대엔 ‘이것’ 써라”",https:///n.news.naver.com/article/243/0000072968?ntype=RANKING,중립
"코스피, 7거래일 연속 상승해 2650대로…반도체주 강세 보여",https:///n.news.naver.com/article/243/0000072984?ntype=RANKING,중립
제주서 잡힌 ‘전설의 심해어’ 돗돔... 크기가 무려 183cm,https:///n.news.naver.com/article/243/0000072970?ntype=RANKING,중립
"트럼프 ""4월부터 자동차 관세 25% 수준될 것""…韓 직격탄 예상",https:///n.news.naver.com/article/243/0000072987?ntype=RANKING,중립
'길이 192㎝-무게 132㎏' 돗돔 최대어 낚시로  잡혀,https:///n.news.naver.com/article/661/0000050862?ntype=RANKING,중립
"""너 죽고 나 죽자"" 부부 싸움에 흉기 든 남편.. 방화 시도까지",https:///n.news.naver.com/article/661/0000050905?ntype=RANKING,중립
"의대 정원 “제로부터 2,000까지”.. 대학 자율 확대, 해결책일까 혼란일까?",https:///n.news.naver.com/article/661/0000050913?ntype=RANKING,중립
"""중국산 도어록 잘못 샀다간"".. 불 나도 문 안 열린다",https:///n.news.naver.com/article/661/0000050911?ntype=RANKING,중립
"'美 틱톡 난민' 중국판 인스타로.. 中 누리꾼 ""한국 도둑국"" 세뇌",https:///n.news.naver.com/article/661/0000050907?ntype=RANKING,중립
이재명 오락가락 행보에 중도층 ‘응답 없음’,https:///n.news.naver.com/article/262/0000018148?ntype=RANKING,중립
헌법재판소서 맞붙은 尹 10대 의혹 vs 선관위 반박,https:///n.news.naver.com/article/262/0000018147?ntype=RANKING,중립
"“尹과 ‘방휼지쟁(蚌鷸之爭)’ 이재명, 절대 대통령 못 돼”",https:///n.news.naver.com/article/262/0000018145?ntype=RANKING,중립
[신동아 만평 '안마봉'] 2025년 전쟁 종막이 고대된다,https:///n.news.naver.com/article/262/0000018146?ntype=RANKING,중립
"홍준표 ""명태균과 딱 한 번 통화…김건희 팔며 거들먹 거리기에 더러워서 한마디""",https:///n.news.naver.com/article/053/0000048311?ntype=RANKING,중립
"'돌아온 정봉주', 돈 된다고 외친 유튜브 콘텐츠는?",https:///n.news.naver.com/article/053/0000048309?ntype=RANKING,중립
이재명 '김현정의 뉴스쇼' 저격글 올렸다 삭제... 내용이?,https:///n.news.naver.com/article/053/0000048308?ntype=RANKING,중립
"""고점에서 주식 매도"" 레인보우로보틱스 임원, 124억 현금화?",https:///n.news.naver.com/article/053/0000048306?ntype=RANKING,중립
"오세훈 측 ""명태균 '3자 회동' 명백히 사실이 아니다…법적 조치""",https:///n.news.naver.com/article/053/0000048302?ntype=RANKING,중립
"홍준표 ""아들이 속아 명태균에 문자...무슨 문제가 되나""",https:///n.news.naver.com/article/655/0000023612?ntype=RANKING,중립
"[속보] 헌재 ""尹측 추가 증인 신청 의사 밝혀""",https:///n.news.naver.com/article/655/0000023617?ntype=RANKING,중립
납치 오해해 뛰어내려 숨진 승객...택시기사 무죄 확정,https:///n.news.naver.com/article/655/0000023593?ntype=RANKING,중립
"이재명 ""월급쟁이가 봉이냐""...세제 개편 카드 꺼내나",https:///n.news.naver.com/article/655/0000023613?ntype=RANKING,중립
"어눌한 말투로 ""감금 됐다""... 또 음주 소란 의혹",https:///n.news.naver.com/article/655/0000023604?ntype=RANKING,중립
"[만남] 가보정 창업주 김외순, 떡볶이 노점상에서 식품명인으로… “나눔이 곧 행복입니다”",https:///n.news.naver.com/article/310/0000123118?ntype=RANKING,중립
“한국형 인셀의 범행동기 핵심은 ‘여성혐오’…여성테러범죄 유형화 필요”,https:///n.news.naver.com/article/310/0000123096?ntype=RANKING,중립
"2호선 잠실역, 작년 가장 붐벼...2호선 이용 승객 최다",https:///n.news.naver.com/article/310/0000123124?ntype=RANKING,중립
내란 수사받는 현역 군인 30명...장성급 17명·방첩사 8명,https:///n.news.naver.com/article/310/0000123131?ntype=RANKING,중립
"나종호 교수, 김새론 사망 비보에 “잘못하면 매장... 한국, ‘오징어 게임’ 같다”",https:///n.news.naver.com/article/310/0000123064?ntype=RANKING,중립
신작도 불안한데 리니지까지… '엔씨 신화' 종언 고했나 [IT+],https:///n.news.naver.com/article/665/0000004531?ntype=RANKING,중립
구내식장 같지 않은 구내식당의 역설적 인기 [인포로 본 세상],https:///n.news.naver.com/article/665/0000004530?ntype=RANKING,중립
상속세 논쟁 왜 꼬였나: 최고세율 인하에 집착한 尹의 패착,https:///n.news.naver.com/article/665/0000004528?ntype=RANKING,중립
"워런 버핏 왜 은행서 발을 빼나: 재정적자, 인플레, 뱅크런의 경고",https:///n.news.naver.com/article/665/0000004520?ntype=RANKING,중립
박완서가 말하는 진정한 여행자 [이지은의 신간 : 다만 여행자가 될 수 있다면],https:///n.news.naver.com/article/665/0000004529?ntype=RANKING,중립
‘정리정돈’ 우리가 자주 하는 7가지 실수,https:///n.news.naver.com/article/145/0000021731?ntype=RANKING,중립
‘이런 커튼’ 절대 안 됩니다,https:///n.news.naver.com/article/145/0000021736?ntype=RANKING,중립
‘검은콩’ 아니죠…흰머리 예방은 ‘루테올린’,https:///n.news.naver.com/article/145/0000021732?ntype=RANKING,중립
우울증·치매엔 ‘알파카’가 특효약?,https:///n.news.naver.com/article/145/0000021734?ntype=RANKING,중립
‘63세’ 인생 2막 연 데미 무어 “나이는 숫자에 불과”,https:///n.news.naver.com/article/145/0000021730?ntype=RANKING,중립
